<metadata xml:lang="es"><Esri><CreaDate>20220430</CreaDate><CreaTime>19433700</CreaTime><ArcGISFormat>1.0</ArcGISFormat><SyncOnce>FALSE</SyncOnce><DataProperties><lineage><Process ToolSource="c:\program files\arcgis\pro\Resources\ArcToolbox\toolboxes\Conversion Tools.tbx\FeatureClassToFeatureClass" Date="20220430" Time="191138">FeatureClassToFeatureClass establecimientoseducativos C:\Users\JuanMa\Documents\ArcGIS\Projects\PreparacionDatos\PreparacionDatos.gdb EstablecimientosEducativos # "OBJECTID "OBJECTID" true true false 0 Long 0 0,First,#,establecimientoseducativos,OBJECTID,-1,-1;Codigo "Codigo" true true false 254 Text 0 0,First,#,establecimientoseducativos,Codigo,0,254;Nombre "Nombre" true true false 254 Text 0 0,First,#,establecimientoseducativos,Nombre,0,254;Direccion "Direccion" true true false 254 Text 0 0,First,#,establecimientoseducativos,Direccion,0,254;Telefono "Telefono" true true false 254 Text 0 0,First,#,establecimientoseducativos,Telefono,0,254;DeCodigo "DeCodigo" true true false 0 Long 0 0,First,#,establecimientoseducativos,DeCodigo,-1,-1;DeNombre "DeNombre" true true false 254 Text 0 0,First,#,establecimientoseducativos,DeNombre,0,254;MDANMNombr "MDANMNombr" true true false 254 Text 0 0,First,#,establecimientoseducativos,MDANMNombr,0,254;Zona "Zona" true true false 254 Text 0 0,First,#,establecimientoseducativos,Zona,0,254;Latitud "Latitud" true true false 0 Double 0 0,First,#,establecimientoseducativos,Latitud,-1,-1;Longitud "Longitud" true true false 0 Double 0 0,First,#,establecimientoseducativos,Longitud,-1,-1;Sector "Sector" true true false 254 Text 0 0,First,#,establecimientoseducativos,Sector,0,254;Email "Email" true true false 254 Text 0 0,First,#,establecimientoseducativos,Email,0,254" #</Process><Process ToolSource="c:\program files\arcgis\pro\Resources\ArcToolbox\toolboxes\Conversion Tools.tbx\FeatureClassToFeatureClass" Date="20220430" Time="191312">FeatureClassToFeatureClass C:\Users\JuanMa\Documents\ArcGIS\Projects\PreparacionDatos\PreparacionDatos.gdb\EstablecimientosEducativos "C:\Users\JuanMa\Downloads\Datos para GeoPandas" EstablecimientosEducativos.shp # "OBJECTID "OBJECTID" true true false 4 Long 0 0,First,#,C:\Users\JuanMa\Documents\ArcGIS\Projects\PreparacionDatos\PreparacionDatos.gdb\EstablecimientosEducativos,OBJECTID,-1,-1;Codigo "Codigo" true true false 254 Text 0 0,First,#,C:\Users\JuanMa\Documents\ArcGIS\Projects\PreparacionDatos\PreparacionDatos.gdb\EstablecimientosEducativos,Codigo,0,254;Nombre "Nombre" true true false 254 Text 0 0,First,#,C:\Users\JuanMa\Documents\ArcGIS\Projects\PreparacionDatos\PreparacionDatos.gdb\EstablecimientosEducativos,Nombre,0,254;Direccion "Direccion" true true false 254 Text 0 0,First,#,C:\Users\JuanMa\Documents\ArcGIS\Projects\PreparacionDatos\PreparacionDatos.gdb\EstablecimientosEducativos,Direccion,0,254;Telefono "Telefono" true true false 254 Text 0 0,First,#,C:\Users\JuanMa\Documents\ArcGIS\Projects\PreparacionDatos\PreparacionDatos.gdb\EstablecimientosEducativos,Telefono,0,254;DeCodigo "DeCodigo" true true false 4 Long 0 0,First,#,C:\Users\JuanMa\Documents\ArcGIS\Projects\PreparacionDatos\PreparacionDatos.gdb\EstablecimientosEducativos,DeCodigo,-1,-1;DeNombre "DeNombre" true true false 254 Text 0 0,First,#,C:\Users\JuanMa\Documents\ArcGIS\Projects\PreparacionDatos\PreparacionDatos.gdb\EstablecimientosEducativos,DeNombre,0,254;MDANMNombr "MDANMNombr" true true false 254 Text 0 0,First,#,C:\Users\JuanMa\Documents\ArcGIS\Projects\PreparacionDatos\PreparacionDatos.gdb\EstablecimientosEducativos,MDANMNombr,0,254;Zona "Zona" true true false 254 Text 0 0,First,#,C:\Users\JuanMa\Documents\ArcGIS\Projects\PreparacionDatos\PreparacionDatos.gdb\EstablecimientosEducativos,Zona,0,254;Latitud "Latitud" true true false 8 Double 0 0,First,#,C:\Users\JuanMa\Documents\ArcGIS\Projects\PreparacionDatos\PreparacionDatos.gdb\EstablecimientosEducativos,Latitud,-1,-1;Longitud "Longitud" true true false 8 Double 0 0,First,#,C:\Users\JuanMa\Documents\ArcGIS\Projects\PreparacionDatos\PreparacionDatos.gdb\EstablecimientosEducativos,Longitud,-1,-1;Sector "Sector" true true false 254 Text 0 0,First,#,C:\Users\JuanMa\Documents\ArcGIS\Projects\PreparacionDatos\PreparacionDatos.gdb\EstablecimientosEducativos,Sector,0,254;Email "Email" true true false 254 Text 0 0,First,#,C:\Users\JuanMa\Documents\ArcGIS\Projects\PreparacionDatos\PreparacionDatos.gdb\EstablecimientosEducativos,Email,0,254" #</Process><Process ToolSource="c:\program files\arcgis\pro\Resources\ArcToolbox\Toolboxes\Data Management Tools.tbx\RemoveSpatialIndex" Date="20220430" Time="194036">RemoveSpatialIndex "C:\Users\JuanMa\Downloads\Datos para GeoPandas\EstablecimientosEducativos.shp"</Process><Process ToolSource="c:\program files\arcgis\pro\Resources\ArcToolbox\Toolboxes\Data Management Tools.tbx\AddSpatialIndex" Date="20220430" Time="194043">AddSpatialIndex "C:\Users\JuanMa\Downloads\Datos para GeoPandas\EstablecimientosEducativos.shp" 0 0 0</Process><Process ToolSource="c:\program files\arcgis\pro\Resources\ArcToolbox\toolboxes\Data Management Tools.tbx\Project" Date="20220430" Time="194337">Project EstablecimientosEducativos C:\Users\JuanMa\Documents\ArcGIS\Projects\PreparacionDatos\PreparacionDatos.gdb\EstablecimientosEducativos_P PROJCS["MAGNA-SIRGAS_Origen-Nacional",GEOGCS["GCS_MAGNA",DATUM["D_MAGNA",SPHEROID["GRS_1980",6378137.0,298.257222101]],PRIMEM["Greenwich",0.0],UNIT["Degree",0.0174532925199433]],PROJECTION["Transverse_Mercator"],PARAMETER["False_Easting",5000000.0],PARAMETER["False_Northing",2000000.0],PARAMETER["Central_Meridian",-73.0],PARAMETER["Scale_Factor",0.9992],PARAMETER["Latitude_Of_Origin",4.0],UNIT["Meter",1.0]] MAGNA_To_WGS_1984_1 GEOGCS["GCS_WGS_1984",DATUM["D_WGS_1984",SPHEROID["WGS_1984",6378137.0,298.257223563]],PRIMEM["Greenwich",0.0],UNIT["Degree",0.0174532925199433]] NO_PRESERVE_SHAPE # NO_VERTICAL</Process><Process ToolSource="c:\program files\arcgis\pro\Resources\ArcToolbox\toolboxes\Conversion Tools.tbx\FeatureClassToFeatureClass" Date="20220430" Time="194512">FeatureClassToFeatureClass C:\Users\JuanMa\Documents\ArcGIS\Projects\PreparacionDatos\PreparacionDatos.gdb\EstablecimientosEducativos_P "C:\Users\JuanMa\Downloads\Datos para GeoPandas" EstablecimientosEducativos.shp # "OBJECTID "OBJECTID" true true false 4 Long 0 0,First,#,C:\Users\JuanMa\Documents\ArcGIS\Projects\PreparacionDatos\PreparacionDatos.gdb\EstablecimientosEducativos_P,OBJECTID,-1,-1;Codigo "Codigo" true true false 254 Text 0 0,First,#,C:\Users\JuanMa\Documents\ArcGIS\Projects\PreparacionDatos\PreparacionDatos.gdb\EstablecimientosEducativos_P,Codigo,0,254;Nombre "Nombre" true true false 254 Text 0 0,First,#,C:\Users\JuanMa\Documents\ArcGIS\Projects\PreparacionDatos\PreparacionDatos.gdb\EstablecimientosEducativos_P,Nombre,0,254;Direccion "Direccion" true true false 254 Text 0 0,First,#,C:\Users\JuanMa\Documents\ArcGIS\Projects\PreparacionDatos\PreparacionDatos.gdb\EstablecimientosEducativos_P,Direccion,0,254;Telefono "Telefono" true true false 254 Text 0 0,First,#,C:\Users\JuanMa\Documents\ArcGIS\Projects\PreparacionDatos\PreparacionDatos.gdb\EstablecimientosEducativos_P,Telefono,0,254;DeCodigo "DeCodigo" true true false 4 Long 0 0,First,#,C:\Users\JuanMa\Documents\ArcGIS\Projects\PreparacionDatos\PreparacionDatos.gdb\EstablecimientosEducativos_P,DeCodigo,-1,-1;DeNombre "DeNombre" true true false 254 Text 0 0,First,#,C:\Users\JuanMa\Documents\ArcGIS\Projects\PreparacionDatos\PreparacionDatos.gdb\EstablecimientosEducativos_P,DeNombre,0,254;MDANMNombr "MDANMNombr" true true false 254 Text 0 0,First,#,C:\Users\JuanMa\Documents\ArcGIS\Projects\PreparacionDatos\PreparacionDatos.gdb\EstablecimientosEducativos_P,MDANMNombr,0,254;Zona "Zona" true true false 254 Text 0 0,First,#,C:\Users\JuanMa\Documents\ArcGIS\Projects\PreparacionDatos\PreparacionDatos.gdb\EstablecimientosEducativos_P,Zona,0,254;Latitud "Latitud" true true false 8 Double 0 0,First,#,C:\Users\JuanMa\Documents\ArcGIS\Projects\PreparacionDatos\PreparacionDatos.gdb\EstablecimientosEducativos_P,Latitud,-1,-1;Longitud "Longitud" true true false 8 Double 0 0,First,#,C:\Users\JuanMa\Documents\ArcGIS\Projects\PreparacionDatos\PreparacionDatos.gdb\EstablecimientosEducativos_P,Longitud,-1,-1;Sector "Sector" true true false 254 Text 0 0,First,#,C:\Users\JuanMa\Documents\ArcGIS\Projects\PreparacionDatos\PreparacionDatos.gdb\EstablecimientosEducativos_P,Sector,0,254;Email "Email" true true false 254 Text 0 0,First,#,C:\Users\JuanMa\Documents\ArcGIS\Projects\PreparacionDatos\PreparacionDatos.gdb\EstablecimientosEducativos_P,Email,0,254" #</Process><Process ToolSource="c:\program files\arcgis\pro\Resources\ArcToolbox\Toolboxes\Data Management Tools.tbx\DeleteField" Date="20220430" Time="195018">DeleteField EstablecimientosEducativos Latitud "Delete Fields"</Process><Process ToolSource="c:\program files\arcgis\pro\Resources\ArcToolbox\Toolboxes\Data Management Tools.tbx\DeleteField" Date="20220430" Time="195027">DeleteField EstablecimientosEducativos Longitud "Delete Fields"</Process></lineage><itemProps><itemName Sync="TRUE">EstablecimientosEducativos</itemName><imsContentType Sync="TRUE">002</imsContentType><itemSize Sync="TRUE">0.000</itemSize><itemLocation><linkage Sync="TRUE">file://\\JUANMA\Users\JuanMa\Downloads\Datos para GeoPandas\EstablecimientosEducativos.shp</linkage><protocol Sync="TRUE">Local Area Network</protocol></itemLocation></itemProps><coordRef><type Sync="TRUE">Projected</type><geogcsn Sync="TRUE">GCS_MAGNA</geogcsn><csUnits Sync="TRUE">Linear Unit: Meter (1.000000)</csUnits><peXml Sync="TRUE">&lt;ProjectedCoordinateSystem xsi:type='typens:ProjectedCoordinateSystem' xmlns:xsi='http://www.w3.org/2001/XMLSchema-instance' xmlns:xs='http://www.w3.org/2001/XMLSchema' xmlns:typens='http://www.esri.com/schemas/ArcGIS/2.9.0'&gt;&lt;WKT&gt;PROJCS[&amp;quot;MAGNA-SIRGAS_Origen-Nacional&amp;quot;,GEOGCS[&amp;quot;GCS_MAGNA&amp;quot;,DATUM[&amp;quot;D_MAGNA&amp;quot;,SPHEROID[&amp;quot;GRS_1980&amp;quot;,6378137.0,298.257222101]],PRIMEM[&amp;quot;Greenwich&amp;quot;,0.0],UNIT[&amp;quot;Degree&amp;quot;,0.0174532925199433]],PROJECTION[&amp;quot;Transverse_Mercator&amp;quot;],PARAMETER[&amp;quot;False_Easting&amp;quot;,5000000.0],PARAMETER[&amp;quot;False_Northing&amp;quot;,2000000.0],PARAMETER[&amp;quot;Central_Meridian&amp;quot;,-73.0],PARAMETER[&amp;quot;Scale_Factor&amp;quot;,0.9992],PARAMETER[&amp;quot;Latitude_Of_Origin&amp;quot;,4.0],UNIT[&amp;quot;Meter&amp;quot;,1.0],AUTHORITY[&amp;quot;EPSG&amp;quot;,9377]]&lt;/WKT&gt;&lt;XOrigin&gt;-618700&lt;/XOrigin&gt;&lt;YOrigin&gt;-8436100&lt;/YOrigin&gt;&lt;XYScale&gt;450623577.52990448&lt;/XYScale&gt;&lt;ZOrigin&gt;-100000&lt;/ZOrigin&gt;&lt;ZScale&gt;10000&lt;/ZScale&gt;&lt;MOrigin&gt;-100000&lt;/MOrigin&gt;&lt;MScale&gt;10000&lt;/MScale&gt;&lt;XYTolerance&gt;0.001&lt;/XYTolerance&gt;&lt;ZTolerance&gt;0.001&lt;/ZTolerance&gt;&lt;MTolerance&gt;0.001&lt;/MTolerance&gt;&lt;HighPrecision&gt;true&lt;/HighPrecision&gt;&lt;WKID&gt;9377&lt;/WKID&gt;&lt;LatestWKID&gt;9377&lt;/LatestWKID&gt;&lt;/ProjectedCoordinateSystem&gt;</peXml><projcsn Sync="TRUE">MAGNA-SIRGAS_Origen-Nacional</projcsn></coordRef></DataProperties><SyncDate>20220430</SyncDate><SyncTime>19445700</SyncTime><ModDate>20220430</ModDate><ModTime>19445700</ModTime></Esri><dataIdInfo><envirDesc Sync="TRUE">Microsoft Windows 10 Version 10.0 (Build 19044) ; Esri ArcGIS 12.9.2.32739</envirDesc><dataLang><languageCode value="spa" Sync="TRUE"></languageCode><countryCode value="COL" Sync="TRUE"></countryCode></dataLang><idCitation><resTitle Sync="TRUE">EstablecimientosEducativos</resTitle><presForm><PresFormCd value="005" Sync="TRUE"></PresFormCd></presForm></idCitation><spatRpType><SpatRepTypCd value="001" Sync="TRUE"></SpatRepTypCd></spatRpType></dataIdInfo><mdLang><languageCode value="spa" Sync="TRUE"></languageCode><countryCode value="COL" Sync="TRUE"></countryCode></mdLang><distInfo><distFormat><formatName Sync="TRUE">Shapefile</formatName></distFormat><distTranOps><transSize Sync="TRUE">0.000</transSize></distTranOps></distInfo><mdHrLv><ScopeCd value="005" Sync="TRUE"></ScopeCd></mdHrLv><mdHrLvName Sync="TRUE">dataset</mdHrLvName><refSysInfo><RefSystem><refSysID><identCode code="9377" Sync="TRUE"></identCode><idCodeSpace Sync="TRUE">EPSG</idCodeSpace><idVersion Sync="TRUE">9.8.12(12.8.0)</idVersion></refSysID></RefSystem></refSysInfo><spatRepInfo><VectSpatRep><geometObjs Name="EstablecimientosEducativos"><geoObjTyp><GeoObjTypCd value="004" Sync="TRUE"></GeoObjTypCd></geoObjTyp><geoObjCnt Sync="TRUE">0</geoObjCnt></geometObjs><topLvl><TopoLevCd value="001" Sync="TRUE"></TopoLevCd></topLvl></VectSpatRep></spatRepInfo><spdoinfo><ptvctinf><esriterm Name="EstablecimientosEducativos"><efeatyp Sync="TRUE">Simple</efeatyp><efeageom code="1" Sync="TRUE"></efeageom><esritopo Sync="TRUE">FALSE</esritopo><efeacnt Sync="TRUE">0</efeacnt><spindex Sync="TRUE">FALSE</spindex><linrefer Sync="TRUE">FALSE</linrefer></esriterm></ptvctinf></spdoinfo><eainfo><detailed Name="EstablecimientosEducativos"><enttyp><enttypl Sync="TRUE">EstablecimientosEducativos</enttypl><enttypt Sync="TRUE">Feature Class</enttypt><enttypc Sync="TRUE">0</enttypc></enttyp><attr><attrlabl Sync="TRUE">FID</attrlabl><attalias Sync="TRUE">FID</attalias><attrtype Sync="TRUE">OID</attrtype><attwidth Sync="TRUE">4</attwidth><atprecis Sync="TRUE">0</atprecis><attscale Sync="TRUE">0</attscale><attrdef Sync="TRUE">Internal feature number.</attrdef><attrdefs Sync="TRUE">Esri</attrdefs><attrdomv><udom Sync="TRUE">Sequential unique whole numbers that are automatically generated.</udom></attrdomv></attr><attr><attrlabl Sync="TRUE">Shape</attrlabl><attalias Sync="TRUE">Shape</attalias><attrtype Sync="TRUE">Geometry</attrtype><attwidth Sync="TRUE">0</attwidth><atprecis Sync="TRUE">0</atprecis><attscale Sync="TRUE">0</attscale><attrdef Sync="TRUE">Feature geometry.</attrdef><attrdefs Sync="TRUE">Esri</attrdefs><attrdomv><udom Sync="TRUE">Coordinates defining the features.</udom></attrdomv></attr><attr><attrlabl Sync="TRUE">OBJECTID</attrlabl><attalias Sync="TRUE">OBJECTID</attalias><attrtype Sync="TRUE">Integer</attrtype><attwidth Sync="TRUE">10</attwidth><atprecis Sync="TRUE">10</atprecis><attscale Sync="TRUE">0</attscale></attr><attr><attrlabl Sync="TRUE">Codigo</attrlabl><attalias Sync="TRUE">Codigo</attalias><attrtype Sync="TRUE">String</attrtype><attwidth Sync="TRUE">254</attwidth><atprecis Sync="TRUE">0</atprecis><attscale Sync="TRUE">0</attscale></attr><attr><attrlabl Sync="TRUE">Nombre</attrlabl><attalias Sync="TRUE">Nombre</attalias><attrtype Sync="TRUE">String</attrtype><attwidth Sync="TRUE">254</attwidth><atprecis Sync="TRUE">0</atprecis><attscale Sync="TRUE">0</attscale></attr><attr><attrlabl Sync="TRUE">Direccion</attrlabl><attalias Sync="TRUE">Direccion</attalias><attrtype Sync="TRUE">String</attrtype><attwidth Sync="TRUE">254</attwidth><atprecis Sync="TRUE">0</atprecis><attscale Sync="TRUE">0</attscale></attr><attr><attrlabl Sync="TRUE">Telefono</attrlabl><attalias Sync="TRUE">Telefono</attalias><attrtype Sync="TRUE">String</attrtype><attwidth Sync="TRUE">254</attwidth><atprecis Sync="TRUE">0</atprecis><attscale Sync="TRUE">0</attscale></attr><attr><attrlabl Sync="TRUE">DeCodigo</attrlabl><attalias Sync="TRUE">DeCodigo</attalias><attrtype Sync="TRUE">Integer</attrtype><attwidth Sync="TRUE">10</attwidth><atprecis Sync="TRUE">10</atprecis><attscale Sync="TRUE">0</attscale></attr><attr><attrlabl Sync="TRUE">DeNombre</attrlabl><attalias Sync="TRUE">DeNombre</attalias><attrtype Sync="TRUE">String</attrtype><attwidth Sync="TRUE">254</attwidth><atprecis Sync="TRUE">0</atprecis><attscale Sync="TRUE">0</attscale></attr><attr><attrlabl Sync="TRUE">MDANMNombr</attrlabl><attalias Sync="TRUE">MDANMNombr</attalias><attrtype Sync="TRUE">String</attrtype><attwidth Sync="TRUE">254</attwidth><atprecis Sync="TRUE">0</atprecis><attscale Sync="TRUE">0</attscale></attr><attr><attrlabl Sync="TRUE">Zona</attrlabl><attalias Sync="TRUE">Zona</attalias><attrtype Sync="TRUE">String</attrtype><attwidth Sync="TRUE">254</attwidth><atprecis Sync="TRUE">0</atprecis><attscale Sync="TRUE">0</attscale></attr><attr><attrlabl Sync="TRUE">Latitud</attrlabl><attalias Sync="TRUE">Latitud</attalias><attrtype Sync="TRUE">Double</attrtype><attwidth Sync="TRUE">19</attwidth><atprecis Sync="TRUE">0</atprecis><attscale Sync="TRUE">0</attscale></attr><attr><attrlabl Sync="TRUE">Longitud</attrlabl><attalias Sync="TRUE">Longitud</attalias><attrtype Sync="TRUE">Double</attrtype><attwidth Sync="TRUE">19</attwidth><atprecis Sync="TRUE">0</atprecis><attscale Sync="TRUE">0</attscale></attr><attr><attrlabl Sync="TRUE">Sector</attrlabl><attalias Sync="TRUE">Sector</attalias><attrtype Sync="TRUE">String</attrtype><attwidth Sync="TRUE">254</attwidth><atprecis Sync="TRUE">0</atprecis><attscale Sync="TRUE">0</attscale></attr><attr><attrlabl Sync="TRUE">Email</attrlabl><attalias Sync="TRUE">Email</attalias><attrtype Sync="TRUE">String</attrtype><attwidth Sync="TRUE">254</attwidth><atprecis Sync="TRUE">0</atprecis><attscale Sync="TRUE">0</attscale></attr></detailed></eainfo><mdDateSt Sync="TRUE">20220430</mdDateSt></metadata>
